"geneName","teName","pvalue","coef","padj","pair"
"ZNF195","AluYa5",0.01108674089665,-0.397505796256822,0.0232508403505529,"ZNF195-AluYa5"
"ZNF195","AluYd8",0.000498960518730715,-0.525411826377507,0.00154512482014018,"ZNF195-AluYd8"
"ZNF195","AluYg6",0.01303432408821,-0.389290415437621,0.0267672860404866,"ZNF195-AluYg6"
"ZNF195","AluYk12",0.000181097318263774,-0.558354626191407,0.000634444348381882,"ZNF195-AluYk12"
"ZNF195","AluYk4",0.000113093291020697,-0.572563773736157,0.000420612369262849,"ZNF195-AluYk4"
"ZNF586","AluYa5",0.0155361965959377,-0.380146347277975,0.0311813105096944,"ZNF586-AluYa5"
"ZNF586","AluYa8",0.0137775875118042,-0.386428885917194,0.0280862829989796,"ZNF586-AluYa8"
"ZNF586","AluYd8",0.000290272017678489,-0.543441386017141,0.000960891182613702,"ZNF586-AluYd8"
"ZNF586","AluYg6",0.0171781441320511,-0.374801366852155,0.0340197655400823,"ZNF586-AluYg6"
"ZNF586","AluYk12",0.0310297557489197,-0.341505980326042,0.0568728157520538,"ZNF586-AluYk12"
"ZNF586","AluYk4",0.000577060835896648,-0.520395362121473,0.00175526144677509,"ZNF586-AluYk4"
"ZNF549","AluYa5",4.07171040928619e-08,-0.742762776161271,4.66090543075455e-07,"ZNF549-AluYa5"
"ZNF549","AluYa8",2.19189847942757e-07,-0.714890059691435,1.91444896891267e-06,"ZNF549-AluYa8"
"ZNF549","AluYb9",0.0100020629193933,-0.402630817829859,0.0212507475776101,"ZNF549-AluYb9"
"ZNF549","AluYd8",1.91000488069652e-07,-0.717299857579882,1.70363556841768e-06,"ZNF549-AluYd8"
"ZNF549","AluYh9",0.000841033246691374,-0.507030484953393,0.00244107557602647,"ZNF549-AluYh9"
"ZNF549","AluYk12",7.10487978364365e-07,-0.693262757018821,5.1784352543662e-06,"ZNF549-AluYk12"
"ZNF557","AluYa5",0.00194718976280774,-0.475138510404828,0.00508990736654129,"ZNF557-AluYa5"
"ZNF557","AluYa8",6.7365265842423e-05,-0.587479814489054,0.000267252111121752,"ZNF557-AluYa8"
"ZNF557","AluYd8",0.000202385533241909,-0.554904251035488,0.00069955802121327,"ZNF557-AluYd8"
"ZNF557","AluYg6",0.000173068785108534,-0.559751589389439,0.00060944455456507,"ZNF557-AluYg6"
"ZNF557","AluYh9",0.0357530913129347,-0.333013559681821,0.0643046169929461,"ZNF557-AluYh9"
"ZNF557","AluYk12",1.30632204173947e-05,-0.630334377827821,6.36184898726751e-05,"ZNF557-AluYk12"
"ZNF557","AluYk4",7.18984818907544e-06,-0.644482308749327,3.7865134968349e-05,"ZNF557-AluYk4"
"ZNF337","AluYa5",0.00016100675081389,-0.561964413897401,0.000572280314176527,"ZNF337-AluYa5"
"ZNF337","AluYa8",6.13629248514023e-05,-0.590090902232537,0.000246370790240149,"ZNF337-AluYa8"
"ZNF337","AluYd8",0.000815188373809326,-0.508158864747129,0.0023753867135985,"ZNF337-AluYd8"
"ZNF337","AluYh9",0.0146393635718331,-0.383270451334238,0.0296061599941998,"ZNF337-AluYh9"
"ZNF337","AluYk12",0.000153039504987951,-0.563509613429541,0.000547671680406599,"ZNF337-AluYk12"
"ZNF337","AluYk4",8.07076369554808e-07,-0.690800902969054,5.77333436709783e-06,"ZNF337-AluYk4"
"ZNF92","AluYa5",0.000460888473135226,-0.528117431866007,0.00144168820836323,"ZNF92-AluYa5"
"ZNF92","AluYa8",0.00178714002966139,-0.478540750125957,0.00472249155409255,"ZNF92-AluYa8"
"ZNF92","AluYb8",0.00741666555466764,-0.417093570899981,0.0163761786049871,"ZNF92-AluYb8"
"ZNF92","AluYb9",0.0385405909814144,-0.328424909753039,0.0686284660945677,"ZNF92-AluYb9"
"ZNF92","AluYd8",0.00352729543129641,-0.450572995177783,0.00855448641604436,"ZNF92-AluYd8"
"ZNF92","AluYg6",0.00069279760000878,-0.513978093730566,0.00205999266761469,"ZNF92-AluYg6"
"ZNF92","AluYh9",0.0377402253273555,-0.329713916149551,0.0673746080590078,"ZNF92-AluYh9"
"ZNF92","AluYk12",0.00109747582332413,-0.497248625780774,0.00308192062630294,"ZNF92-AluYk12"
"ZNF92","AluYk4",0.000320769247631778,-0.540191569319571,0.00104879176760059,"ZNF92-AluYk4"
"ZNF776","AluYa5",7.47399725180461e-05,-0.584546577115644,0.000292797311868077,"ZNF776-AluYa5"
"ZNF776","AluYh9",0.000114808639658128,-0.572119363952871,0.000426186887981696,"ZNF776-AluYh9"
"ZSCAN1","AluYa8",0.0377365161126726,-0.329719941646965,0.0673702198181926,"ZSCAN1-AluYa8"
"ZSCAN1","AluYd8",0.03059076340987,-0.342348203780481,0.056172804394729,"ZSCAN1-AluYd8"
"ZSCAN1","AluYg6",0.0236149418769463,-0.357290852855661,0.0448632695229046,"ZSCAN1-AluYg6"
"ZSCAN1","AluYh9",0.0270407873438219,-0.34955257255886,0.0504618997972634,"ZSCAN1-AluYh9"
"ZSCAN1","AluYk12",0.00514891661533773,-0.433946797169804,0.0119127489343169,"ZSCAN1-AluYk12"
"ZSCAN1","AluYk4",0.000435523943475415,-0.530033301046299,0.00137151612147912,"ZSCAN1-AluYk4"
"ZNF230","AluYa5",0.0224500847057031,-0.360135520689347,0.0429284416944279,"ZNF230-AluYa5"
"ZNF230","AluYa8",0.0130026989439877,-0.389415212732988,0.0267131593617907,"ZNF230-AluYa8"
"ZNF230","AluYk12",0.0357495534044146,-0.333019566727047,0.0642990167023611,"ZNF230-AluYk12"
"ZNF222","AluYd8",0.0189854949015553,-0.369394061565139,0.0371153803586428,"ZNF222-AluYd8"
"ZNF222","AluYk12",0.017817219649835,-0.372836940538919,0.0351241014847437,"ZNF222-AluYk12"
"ZNF222","AluYk4",0.00139680766003403,-0.48812699053449,0.00380458186960844,"ZNF222-AluYk4"
"ZNF394","AluYa5",0.00734879190035705,-0.417528571939511,0.0162446499434255,"ZNF394-AluYa5"
"ZNF394","AluYa8",0.00891909975895937,-0.408245714853401,0.0192332996857752,"ZNF394-AluYa8"
"ZNF394","AluYd8",0.000559499941019686,-0.521467944114925,0.00170844516017851,"ZNF394-AluYd8"
"ZNF394","AluYg6",0.00532985038022881,-0.4323872560708,0.0122759983668179,"ZNF394-AluYg6"
"ZNF394","AluYk12",0.0261034722554947,-0.35158493551788,0.0489413872497533,"ZNF394-AluYk12"
"ZNF394","AluYk4",0.00192191206893711,-0.475659061771538,0.00503174172279801,"ZNF394-AluYk4"
"ZNF610","AluYa8",0.036596269076781,-0.331595596748353,0.0656082329201121,"ZNF610-AluYa8"
"ZNF610","AluYk12",0.017898630074149,-0.372590970233409,0.0352621429379588,"ZNF610-AluYk12"
"ZNF610","AluYk4",0.0171950404798634,-0.374748644524031,0.034048111798593,"ZNF610-AluYk4"
"ZNF528","AluYa5",3.7380399503601e-07,-0.705309773323142,3.00485287538227e-06,"ZNF528-AluYa5"
"ZNF528","AluYa8",1.07254285384124e-05,-0.635085200022716,5.36572300314051e-05,"ZNF528-AluYa8"
"ZNF528","AluYb8",0.000278985956046132,-0.544722292772872,0.000928213153915982,"ZNF528-AluYb8"
"ZNF528","AluYb9",0.000939061717070342,-0.503013416997759,0.00268973174556483,"ZNF528-AluYb9"
"ZNF528","AluYd8",6.4230436222266e-07,-0.695194373686395,4.75103386480725e-06,"ZNF528-AluYd8"
"ZNF528","AluYg6",6.52851261637782e-08,-0.735283430589035,6.90318712496633e-07,"ZNF528-AluYg6"
"ZNF528","AluYh9",0.0129143857871022,-0.389765078321888,0.0265565979869141,"ZNF528-AluYh9"
"ZNF528","AluYk12",0.000426680057000752,-0.5307248558801,0.001346742465424,"ZNF528-AluYk12"
"ZNF528","AluYk4",2.13206827182671e-07,-0.715376491431008,1.8702867345015e-06,"ZNF528-AluYk4"
"ZNF701","AluYb9",0.000526287461405014,-0.523581455392251,0.00161932754621767,"ZNF701-AluYb9"
"ZNF778","AluYa5",0.000167588719160779,-0.560739089411655,0.0005926527152555,"ZNF778-AluYa5"
"ZNF778","AluYa8",0.00966860182949437,-0.404301880967146,0.0206349582528965,"ZNF778-AluYa8"
"ZNF778","AluYb8",0.00363490428381895,-0.449281571523849,0.00877950387781176,"ZNF778-AluYb8"
"ZNF778","AluYb9",0.00123466214256617,-0.492825202228476,0.00341550354100133,"ZNF778-AluYb9"
"ZNF778","AluYd8",0.00204325071742645,-0.473213083575912,0.00531002782687804,"ZNF778-AluYd8"
"ZNF778","AluYg6",0.000214765922895985,-0.553045363389347,0.000736890659506455,"ZNF778-AluYg6"
"ZNF778","AluYk4",0.00160963377798142,-0.482643905089287,0.00431057963642362,"ZNF778-AluYk4"
"ZNF439","AluYb9",0.00377194342375085,-0.447684397419522,0.00907018456936384,"ZNF439-AluYb9"
"ZNF439","AluYd8",0.0317931084021931,-0.340064547237152,0.0580875611818635,"ZNF439-AluYd8"
"ZNF440","AluYa5",2.06422398202371e-05,-0.618996995441829,9.48400602770301e-05,"ZNF440-AluYa5"
"ZNF440","AluYb8",0.0164193177887119,-0.377215438662346,0.0327060529466941,"ZNF440-AluYb8"
"ZNF440","AluYb9",0.0471864180388969,-0.315730195979842,0.0816593732957883,"ZNF440-AluYb9"
"ZNF440","AluYd8",1.62997409973547e-06,-0.676781123589501,1.05276394905688e-05,"ZNF440-AluYd8"
"ZNF440","AluYg6",2.00504122366672e-06,-0.672501384291824,1.25642506407813e-05,"ZNF440-AluYg6"
"ZNF440","AluYh9",0.00529250666384379,-0.432705337399873,0.0122025013142108,"ZNF440-AluYh9"
"ZNF440","AluYk12",0.00240270596851981,-0.466651018708348,0.00611851986061899,"ZNF440-AluYk12"
"ZNF440","AluYk4",1.47496924572132e-07,-0.721759014645676,1.37228810247211e-06,"ZNF440-AluYk4"
"ZNF680","AluYb8",0.00720195804062638,-0.41848159001839,0.0159617350958521,"ZNF680-AluYb8"
"ZNF680","AluYb9",0.0242165994110669,-0.355867074529642,0.0458617701739123,"ZNF680-AluYb9"
"ZNF497","AluYa5",2.26376507105961e-06,-0.66996062417069,1.39498155535376e-05,"ZNF497-AluYa5"
"ZNF497","AluYh9",0.00048431204704307,-0.526430222113809,0.00150530956091634,"ZNF497-AluYh9"
"ZNF519","AluYa5",2.14555183266802e-07,-0.715265773737457,1.88015630508173e-06,"ZNF519-AluYa5"
"ZNF519","AluYa8",1.61634436165819e-05,-0.625113164940012,7.66194790008477e-05,"ZNF519-AluYa8"
"ZNF519","AluYb8",0.000496456509903023,-0.525583999414748,0.00153832916732946,"ZNF519-AluYb8"
"ZNF519","AluYb9",0.0299769195450968,-0.343542750082936,0.0551994331922935,"ZNF519-AluYb9"
"ZNF519","AluYd8",5.96821234042355e-07,-0.696591215503924,4.46636250076005e-06,"ZNF519-AluYd8"
"ZNF519","AluYg6",8.38800872516609e-08,-0.73120919093518,8.52737759121531e-07,"ZNF519-AluYg6"
"ZNF519","AluYh9",0.0372804581129876,-0.330464505391846,0.0666621619024885,"ZNF519-AluYh9"
"ZNF519","AluYk12",2.33093999362399e-08,-0.751283139139221,2.93735308562086e-07,"ZNF519-AluYk12"
"ZNF519","AluYk4",7.52757443666852e-08,-0.732977629683133,7.78606113690075e-07,"ZNF519-AluYk4"
"ZNF77","AluYa5",0.00175253535765033,-0.479311531616541,0.0046431497051143,"ZNF77-AluYa5"
"ZNF77","AluYa8",0.000477913635451512,-0.526883725852805,0.00148792814011391,"ZNF77-AluYa8"
"ZNF77","AluYd8",0.000327268689005633,-0.539535041392185,0.00106706558826093,"ZNF77-AluYd8"
"ZNF77","AluYg6",0.0013417594815447,-0.489665229792783,0.00367279658005647,"ZNF77-AluYg6"
"ZNF77","AluYk12",0.000402079673126307,-0.53271833059883,0.00127793042069912,"ZNF77-AluYk12"
"ZNF77","AluYk4",7.86144903270382e-05,-0.583109262070704,0.000305916417724295,"ZNF77-AluYk4"
"ZNF223","AluYa5",0.0211710339834568,-0.363404577881053,0.0407950388209598,"ZNF223-AluYa5"
"ZNF223","AluYk12",0.000465881750818499,-0.527751430682621,0.00145516051063627,"ZNF223-AluYk12"
"ZNF443","AluYa5",0.00650764582396131,-0.423228376697834,0.0146074521354864,"ZNF443-AluYa5"
"ZNF443","AluYa8",0.000385220772053915,-0.534148599008996,0.00123065656024706,"ZNF443-AluYa8"
"ZNF443","AluYd8",0.00080979896064409,-0.508398170338577,0.00236113483259542,"ZNF443-AluYd8"
"ZNF443","AluYg6",0.000929706358012147,-0.503380260266526,0.00266598306083965,"ZNF443-AluYg6"
"ZNF443","AluYh9",0.00863706021266178,-0.409803619400925,0.0187030607972068,"ZNF443-AluYh9"
"ZNF443","AluYk12",0.000106355581698563,-0.574370552030692,0.000398673988074307,"ZNF443-AluYk12"
"ZNF443","AluYk4",0.000818695022162474,-0.508003914457869,0.00238439016824796,"ZNF443-AluYk4"
"ZNF716","AluYk11",0.00929189460778995,-0.406250038863157,0.0199293269171275,"ZNF716-AluYk11"
"ZNF708","AluYa5",0.02251275529003,-0.359979378474355,0.0430322654140361,"ZNF708-AluYa5"
"ZNF708","AluYd8",0.0463268163936851,-0.316903590369623,0.0803800780624004,"ZNF708-AluYd8"
"ZNF708","AluYk4",0.0452937700343721,-0.318337251579039,0.0788444218423379,"ZNF708-AluYk4"
"ZNF721","AluYa5",1.89157091995171e-05,-0.621196075525242,8.79323213923087e-05,"ZNF721-AluYa5"
"ZNF721","AluYa8",8.53551108421918e-05,-0.580755224517248,0.000328657882946791,"ZNF721-AluYa8"
"ZNF721","AluYb8",0.00734188511911364,-0.417573031011468,0.0162315126263356,"ZNF721-AluYb8"
"ZNF721","AluYd8",0.000125362327900224,-0.569510366552997,0.00046026913425553,"ZNF721-AluYd8"
"ZNF721","AluYg6",3.4853783004688e-09,-0.77795598213101,6.08861749492728e-08,"ZNF721-AluYg6"
"ZNF721","AluYh9",0.000240885625131836,-0.549420757685687,0.000815345533095281,"ZNF721-AluYh9"
"ZNF721","AluYk12",0.000609807747820886,-0.518470855644424,0.00184206111638118,"ZNF721-AluYk12"
"ZNF721","AluYk4",8.10296508169366e-11,-0.821739946513414,2.95616564302908e-09,"ZNF721-AluYk4"
"ZNF320","AluYa5",6.59010272575431e-05,-0.58809668975067,0.000262195298471223,"ZNF320-AluYa5"
"ZNF320","AluYa8",0.00031880120645221,-0.540392723132174,0.00104327964083794,"ZNF320-AluYa8"
"ZNF320","AluYb8",0.0142531082351319,-0.384666068482677,0.0289253441585245,"ZNF320-AluYb8"
"ZNF320","AluYb9",0.00829774190840296,-0.411736822719599,0.0180628542724007,"ZNF320-AluYb9"
"ZNF320","AluYd8",1.39859515877889e-05,-0.62867128550119,6.75135876542935e-05,"ZNF320-AluYd8"
"ZNF320","AluYg6",8.88706592566056e-07,-0.688923997240139,6.26633535365756e-06,"ZNF320-AluYg6"
"ZNF320","AluYh9",0.000289182304482032,-0.543563091615896,0.000957670786487307,"ZNF320-AluYh9"
"ZNF320","AluYk12",0.0121516510556878,-0.39287442668544,0.0251875132211734,"ZNF320-AluYk12"
"ZNF320","AluYk4",2.73820943865142e-07,-0.71094227712773,2.30964762697367e-06,"ZNF320-AluYk4"
"ZNF530","AluYa5",0.00711070717237893,-0.419082313760117,0.0157863843510983,"ZNF530-AluYa5"
"ZNF530","AluYa8",0.00300212820822257,-0.457417676262951,0.00743129557575955,"ZNF530-AluYa8"
"ZNF530","AluYd8",0.00022735118451676,-0.551252129453136,0.000774619533904259,"ZNF530-AluYd8"
"ZNF530","AluYg6",4.51193712547467e-05,-0.598537862600852,0.000187927645388147,"ZNF530-AluYg6"
"ZNF530","AluYh9",0.0050173757619446,-0.435110714270797,0.0116452913853422,"ZNF530-AluYh9"
"ZNF530","AluYk12",2.61269166420025e-05,-0.612980502468197,0.000116461727775739,"ZNF530-AluYk12"
"ZNF530","AluYk4",3.86806064633292e-06,-0.65844627735891,2.21059640417724e-05,"ZNF530-AluYk4"
"ZNF267","AluYa5",0.0308233035430835,-0.34190083547192,0.0565429603175067,"ZNF267-AluYa5"
"ZNF267","AluYa8",0.000933457619629189,-0.503232773135827,0.0026755506020542,"ZNF267-AluYa8"
"ZNF267","AluYd8",0.00669176299906849,-0.421928610448498,0.0149693719364175,"ZNF267-AluYd8"
"ZNF267","AluYk12",0.000118748905497383,-0.571120846237575,0.000438889897769924,"ZNF267-AluYk12"
"ZNF267","AluYk4",0.00435487662243782,-0.441409782960944,0.010289441764467,"ZNF267-AluYk4"
"ZNF626","AluYa5",0.0126333620868043,-0.390892077991652,0.0260564758231133,"ZNF626-AluYa5"
"ZNF626","AluYd8",0.00869513848588325,-0.409479282106329,0.0188120302463956,"ZNF626-AluYd8"
"ZNF626","AluYk12",0.00471845306438628,-0.437857439633508,0.011035130003898,"ZNF626-AluYk12"
"ZNF626","AluYk4",0.00334837441872055,-0.452798436507375,0.00817819842739432,"ZNF626-AluYk4"
"ZNF669","AluYa8",0.0438613132775668,-0.320369643507074,0.0767324315369755,"ZNF669-AluYa8"
"ZNF669","AluYk12",0.00684790819968745,-0.420850265095993,0.0152747580779606,"ZNF669-AluYk12"
"ZNF600","AluYk11",0.0410773052023382,-0.324478709169312,0.0725202473982907,"ZNF600-AluYk11"
"ZNF724","AluYk11",0.0347505101553276,-0.334735664490243,0.0627205591090428,"ZNF724-AluYk11"
"ZNF681","AluYa5",0.000465172865160343,-0.527803176682287,0.00145327573004459,"ZNF681-AluYa5"
"ZNF681","AluYa8",0.00110317185109522,-0.497055451197645,0.00309596613831279,"ZNF681-AluYa8"
"ZNF681","AluYb8",0.0244340540384636,-0.355359721182467,0.0462201403433612,"ZNF681-AluYb8"
"ZNF681","AluYd8",0.000102372906870709,-0.575487876574737,0.000385580845773789,"ZNF681-AluYd8"
"ZNF681","AluYg6",0.00017830833857003,-0.558833460880299,0.000625816215903601,"ZNF681-AluYg6"
"ZNF681","AluYh9",0.0035834915268517,-0.449894357243429,0.00867363674118017,"ZNF681-AluYh9"
"ZNF681","AluYk12",0.000289116058909692,-0.543570503592493,0.000957472321673758,"ZNF681-AluYk12"
"ZNF681","AluYk4",2.49271392280938e-07,-0.71261657610649,2.13325959337135e-06,"ZNF681-AluYk4"
"ZNF729","AluYk11",0.0364579182887295,-0.331826414475551,0.0653961671371426,"ZNF729-AluYk11"
"ZNF700","AluYa5",1.22479520379052e-08,-0.760708467913094,1.71815382561448e-07,"ZNF700-AluYa5"
"ZNF700","AluYa8",2.38474063783685e-07,-0.713401839820252,2.05454317384537e-06,"ZNF700-AluYa8"
"ZNF700","AluYb8",2.7943599222136e-05,-0.611241113244753,0.000123497437195456,"ZNF700-AluYb8"
"ZNF700","AluYb9",0.00388610563655144,-0.446392032796295,0.00931160998333544,"ZNF700-AluYb9"
"ZNF700","AluYd8",4.96716693135015e-07,-0.700049154344094,3.82446372006319e-06,"ZNF700-AluYd8"
"ZNF700","AluYg6",8.61150712634819e-09,-0.765693025068578,1.28471295789322e-07,"ZNF700-AluYg6"
"ZNF700","AluYh9",0.00659283919304286,-0.422623066634977,0.014775272010813,"ZNF700-AluYh9"
"ZNF700","AluYk12",6.47708789253605e-07,-0.695034518042641,4.78517221487832e-06,"ZNF700-AluYk12"
"ZNF700","AluYk4",3.05614590740188e-11,-0.831459063898486,1.36297004336064e-09,"ZNF700-AluYk4"
"ZNF138","AluYa5",0.000687135098143879,-0.514268939809693,0.00204516138050648,"ZNF138-AluYa5"
"ZNF138","AluYa8",4.15353460503089e-06,-0.656878065811327,2.35092198842551e-05,"ZNF138-AluYa8"
"ZNF138","AluYd8",0.000102133083380595,-0.575556407203729,0.00038476790995852,"ZNF138-AluYd8"
"ZNF138","AluYg6",1.26311127897287e-05,-0.631150462660534,6.17880442749086e-05,"ZNF138-AluYg6"
"ZNF138","AluYh9",0.00528492446386556,-0.432770157490414,0.0121877337025431,"ZNF138-AluYh9"
"ZNF138","AluYk12",2.58096910672408e-06,-0.667187627167781,1.55898411884578e-05,"ZNF138-AluYk12"
"ZNF138","AluYk4",6.04009304500199e-09,-0.770591663693521,9.56592597251464e-08,"ZNF138-AluYk4"
"ZNF441","AluYa5",0.000113582159513001,-0.572436500606478,0.000422238899506513,"ZNF441-AluYa5"
"ZNF441","AluYa8",6.42407622654038e-06,-0.647072282596063,3.43434898603664e-05,"ZNF441-AluYa8"
"ZNF441","AluYb8",0.0474881038705815,-0.315322471891363,0.0821120927303208,"ZNF441-AluYb8"
"ZNF441","AluYd8",4.81796962494296e-06,-0.653580603410615,2.67628197849371e-05,"ZNF441-AluYd8"
"ZNF441","AluYg6",1.67609296939714e-07,-0.719564260071873,1.52638696944213e-06,"ZNF441-AluYg6"
"ZNF441","AluYh9",0.00670492543409954,-0.421836877296794,0.0149949895508592,"ZNF441-AluYh9"
"ZNF441","AluYk12",1.62748550056605e-07,-0.720071370286375,1.48954842757468e-06,"ZNF441-AluYk12"
"ZNF441","AluYk4",6.71391714779784e-11,-0.823661332680295,2.54786810775267e-09,"ZNF441-AluYk4"
"ZNF720","AluYa8",0.031082556045169,-0.341405343444831,0.0569558175724325,"ZNF720-AluYa8"
"ZNF720","AluYd8",0.00589897528303878,-0.427764023394535,0.0134097777668785,"ZNF720-AluYd8"
"ZNF720","AluYg6",0.0101494546292829,-0.40190733481832,0.0215305557616561,"ZNF720-AluYg6"
"ZNF720","AluYk12",0.00281169716676222,-0.4601608373412,0.00701894052214229,"ZNF720-AluYk12"
"ZNF720","AluYk4",0.000433458768752968,-0.530193655938317,0.00136572193983436,"ZNF720-AluYk4"
"ZNF655","AluYa5",2.13285408445846e-08,-0.752609202083104,2.72666260618045e-07,"ZNF655-AluYa5"
"ZNF655","AluYa8",7.13704279542611e-09,-0.768301607200094,1.09890341294699e-07,"ZNF655-AluYa8"
"ZNF655","AluYb8",0.000849650359687495,-0.506661118317538,0.00246306962764392,"ZNF655-AluYb8"
"ZNF655","AluYb9",0.0267341886143723,-0.350210849149558,0.0499684820638224,"ZNF655-AluYb9"
"ZNF655","AluYd8",6.22899260937661e-09,-0.770171023991159,9.81127823331127e-08,"ZNF655-AluYd8"
"ZNF655","AluYg6",3.34119474136117e-10,-0.80649701059142,9.09632467413947e-09,"ZNF655-AluYg6"
"ZNF655","AluYh9",0.0015313522256629,-0.484581782036281,0.00412506407057743,"ZNF655-AluYh9"
"ZNF655","AluYk12",2.0860169059072e-08,-0.752939462458814,2.67853193616711e-07,"ZNF655-AluYk12"
"ZNF655","AluYk4",1.79365069135979e-15,-0.902448248595713,1.12849453159019e-12,"ZNF655-AluYk4"
"ZNF517","AluYa5",0.00154744574898802,-0.484176349771627,0.00416264609019593,"ZNF517-AluYa5"
"ZNF517","AluYa8",1.67336217088351e-05,-0.624254100774742,7.89894142410774e-05,"ZNF517-AluYa8"
"ZNF517","AluYd8",0.000156086701356382,-0.562910237616295,0.000557071888162281,"ZNF517-AluYd8"
"ZNF517","AluYh9",2.64491536672112e-06,-0.666666878245454,1.59291262674945e-05,"ZNF517-AluYh9"
"ZNF517","AluYk12",0.00016756067814875,-0.560744216843619,0.000592588113264907,"ZNF517-AluYk12"
"ZNF675","AluYa5",9.80038144136194e-08,-0.728642144175179,9.71784347828261e-07,"ZNF675-AluYa5"
"ZNF675","AluYa8",7.19086879337729e-08,-0.733721213023468,7.48606430338631e-07,"ZNF675-AluYa8"
"ZNF675","AluYb8",0.00361851264883449,-0.449476116688749,0.00874609003526723,"ZNF675-AluYb8"
"ZNF675","AluYd8",2.38908321021979e-07,-0.713369627728437,2.05781664372517e-06,"ZNF675-AluYd8"
"ZNF675","AluYg6",2.66679676934684e-09,-0.78144363340468,4.89351235048255e-08,"ZNF675-AluYg6"
"ZNF675","AluYh9",0.001317589331476,-0.490358341386382,0.00361515480714448,"ZNF675-AluYh9"
"ZNF675","AluYk12",1.74853430926914e-09,-0.786817298978802,3.46977280542395e-08,"ZNF675-AluYk12"
"ZNF675","AluYk4",1.55165677871795e-13,-0.875023137083532,2.5435918434347e-11,"ZNF675-AluYk4"
"ZNF433","AluYa5",0.00229738435520394,-0.468478983613119,0.00588427194756147,"ZNF433-AluYa5"
"ZNF433","AluYa8",0.000783151191991993,-0.509602660504536,0.00229311927286942,"ZNF433-AluYa8"
"ZNF433","AluYb8",0.0256622017133195,-0.352562759386255,0.0482255901296467,"ZNF433-AluYb8"
"ZNF433","AluYd8",0.00666520011912402,-0.42211421047997,0.0149182524278932,"ZNF433-AluYd8"
"ZNF433","AluYg6",0.000115749419142657,-0.571878172447173,0.000429111754222662,"ZNF433-AluYg6"
"ZNF433","AluYh9",0.00968904077287364,-0.404198049154382,0.0206727584297435,"ZNF433-AluYh9"
"ZNF433","AluYk12",0.000279783147640014,-0.54463030115241,0.000930436634517207,"ZNF433-AluYk12"
"ZNF433","AluYk4",3.21576629963776e-06,-0.662471866262188,1.88292314862041e-05,"ZNF433-AluYk4"
"ZNF347","AluYa5",0.0143114382524224,-0.384453274361046,0.0290270094541511,"ZNF347-AluYa5"
"ZNF347","AluYb8",0.0271457188635429,-0.349328701503554,0.0506278001959596,"ZNF347-AluYb8"
"ZNF347","AluYb9",0.042436668351307,-0.322445019383614,0.0746008484666533,"ZNF347-AluYb9"
"ZNF347","AluYd8",0.00683265040787279,-0.420954696004002,0.0152455476534082,"ZNF347-AluYd8"
"ZNF347","AluYk4",0.0425553737135927,-0.32226995255404,0.0747754170317105,"ZNF347-AluYk4"
"ZNF273","AluYa5",8.02035827635313e-05,-0.582538269220288,0.000311372755267295,"ZNF273-AluYa5"
"ZNF273","AluYa8",0.000460459640541568,-0.528149030022353,0.00144051028295522,"ZNF273-AluYa8"
"ZNF273","AluYb8",0.0121290592682072,-0.392969026507458,0.0251475841711634,"ZNF273-AluYb8"
"ZNF273","AluYd8",1.04282567263271e-05,-0.635755749927929,5.23805747871734e-05,"ZNF273-AluYd8"
"ZNF273","AluYg6",2.86915564674061e-05,-0.6105547965249,0.00012641238511293,"ZNF273-AluYg6"
"ZNF273","AluYh9",0.0197984737424025,-0.367101714920377,0.0384794043006146,"ZNF273-AluYh9"
"ZNF273","AluYk12",2.24865834277292e-06,-0.67010143538631,1.38694102833987e-05,"ZNF273-AluYk12"
"ZNF273","AluYk4",4.66405687553774e-07,-0.701224010817281,3.62344896917188e-06,"ZNF273-AluYk4"
"ZNF649","AluYa5",0.000217828803020422,-0.552600398749252,0.000746091028138918,"ZNF649-AluYa5"
"ZNF649","AluYa8",0.000132935476675007,-0.567757928309887,0.000484320292506702,"ZNF649-AluYa8"
"ZNF649","AluYb8",0.00501032622832264,-0.435173835119436,0.0116312751569145,"ZNF649-AluYb8"
"ZNF649","AluYd8",0.00171129252089178,-0.480247903624739,0.00454703385615695,"ZNF649-AluYd8"
"ZNF649","AluYg6",0.000579378903341392,-0.520255964650469,0.00176134044963276,"ZNF649-AluYg6"
"ZNF649","AluYk12",0.000582348305067673,-0.520078124957943,0.00176930308946949,"ZNF649-AluYk12"
"ZNF649","AluYk4",6.85803134202933e-06,-0.645571901419421,3.63562813260439e-05,"ZNF649-AluYk4"
"ZNF442","AluYa8",0.0305415973195908,-0.34244314984786,0.056095772982564,"ZNF442-AluYa8"
"ZNF442","AluYg6",0.0217449573340547,-0.361917876540982,0.0417496956401405,"ZNF442-AluYg6"
"ZNF442","AluYk12",0.0145779700776246,-0.383490179438208,0.029496214034407,"ZNF442-AluYk12"
"ZNF442","AluYk4",0.00260799509050132,-0.463281606667986,0.00657086629017242,"ZNF442-AluYk4"
"ZNF587","AluYa5",1.95112449383856e-05,-0.620417559016399,9.03061185624331e-05,"ZNF587-AluYa5"
"ZNF587","AluYa8",3.04840094030596e-05,-0.608974207053551,0.00013335434535918,"ZNF587-AluYa8"
"ZNF587","AluYb8",0.0216677510162082,-0.362115950664438,0.0416209666882439,"ZNF587-AluYb8"
"ZNF587","AluYb9",0.0426999170425436,-0.32205731417507,0.0749914402113989,"ZNF587-AluYb9"
"ZNF587","AluYd8",3.56376229964815e-07,-0.706182290119135,2.88502973350021e-06,"ZNF587-AluYd8"
"ZNF587","AluYg6",1.13423827596818e-06,-0.684108953989707,7.72331078332254e-06,"ZNF587-AluYg6"
"ZNF587","AluYh9",0.00610197850247994,-0.426208105212764,0.0138099517948727,"ZNF587-AluYh9"
"ZNF587","AluYk12",4.59018830710648e-05,-0.598071740651987,0.00019081465220647,"ZNF587-AluYk12"
"ZNF587","AluYk4",4.97123754589010e-09,-0.773231502291676,8.15471779555908e-08,"ZNF587-AluYk4"
"ZNF43","AluYa5",8.25464170524341e-06,-0.641272888703671,4.27130617157442e-05,"ZNF43-AluYa5"
"ZNF43","AluYa8",7.14863640740506e-07,-0.693144724613189,5.20519692296522e-06,"ZNF43-AluYa8"
"ZNF43","AluYb8",0.000345058626428148,-0.537796112375464,0.00111786488002472,"ZNF43-AluYb8"
"ZNF43","AluYb9",0.000687703360845271,-0.514239655561251,0.00204669199093213,"ZNF43-AluYb9"
"ZNF43","AluYd8",8.72107641946143e-06,-0.639985191900612,4.48114899830554e-05,"ZNF43-AluYd8"
"ZNF43","AluYg6",0.000473667984121251,-0.527187654963381,0.00147663562416798,"ZNF43-AluYg6"
"ZNF43","AluYk11",0.0229942576000617,-0.358791669285415,0.0438329752386082,"ZNF43-AluYk11"
"ZNF43","AluYk12",2.68511656342875e-06,-0.666345397408291,1.61337418815528e-05,"ZNF43-AluYk12"
"ZNF43","AluYk4",3.20431930684262e-05,-0.607666752695141,0.000139302748265223,"ZNF43-AluYk4"
"ZNF28","AluYb8",0.0372576935431956,-0.330501865543923,0.0666285295312262,"ZNF28-AluYb8"
"ZNF28","AluYb9",0.00205377329545225,-0.473007041914431,0.00533353364954418,"ZNF28-AluYb9"
"ZNF468","AluYa5",0.00785277076907508,-0.414377556059035,0.0172143641616065,"ZNF468-AluYa5"
"ZNF468","AluYa8",0.000275181021271623,-0.545164643548077,0.000916918905134411,"ZNF468-AluYa8"
"ZNF468","AluYd8",0.00302569509904048,-0.457088865500409,0.00748211769603509,"ZNF468-AluYd8"
"ZNF468","AluYg6",0.00103583765692476,-0.499397956826355,0.0029304351386942,"ZNF468-AluYg6"
"ZNF468","AluYh9",0.00248154839792181,-0.465328135096288,0.00629433881499531,"ZNF468-AluYh9"
"ZNF468","AluYk12",0.006540736294401,-0.422992456911566,0.0146750880161863,"ZNF468-AluYk12"
"ZNF468","AluYk4",0.000201945620099059,-0.554972169813517,0.000698268306400842,"ZNF468-AluYk4"
"ZNF616","AluYa5",0.00741256798749646,-0.417119734750032,0.0163686808475978,"ZNF616-AluYa5"
"ZNF616","AluYa8",0.0461011512930962,-0.317214545762231,0.0800476306135817,"ZNF616-AluYa8"
"ZNF616","AluYb8",0.00359551305859944,-0.449750389341222,0.00869769122899976,"ZNF616-AluYb8"
"ZNF616","AluYb9",2.89663959727186e-05,-0.610306699313066,0.000127478800665258,"ZNF616-AluYb9"
"ZNF616","AluYd8",0.0320581798796516,-0.339570675368136,0.0584964200336643,"ZNF616-AluYd8"
"ZNF155","AluYa5",2.45650308391996e-07,-0.712876357642745,2.10720743136529e-06,"ZNF155-AluYa5"
"ZNF155","AluYa8",1.26072583933869e-07,-0.724425870399913,1.20301068973155e-06,"ZNF155-AluYa8"
"ZNF155","AluYb8",0.00663185055173019,-0.422348135970118,0.0148519415485703,"ZNF155-AluYb8"
"ZNF155","AluYb9",0.0257027458846315,-0.352472336781139,0.0482895102750414,"ZNF155-AluYb9"
"ZNF155","AluYd8",2.16402535381561e-09,-0.784122146936664,4.12187212818401e-08,"ZNF155-AluYd8"
"ZNF155","AluYg6",1.78731269496916e-11,-0.836556887912073,8.94320063207255e-10,"ZNF155-AluYg6"
"ZNF155","AluYh9",0.00202195960269546,-0.473632855959612,0.00526173233776981,"ZNF155-AluYh9"
"ZNF155","AluYk12",1.90750226620029e-05,-0.620985643116142,8.85656308184561e-05,"ZNF155-AluYk12"
"ZNF155","AluYk4",1.62525407621269e-12,-0.857376416891106,1.4513590708565e-10,"ZNF155-AluYk4"
"ZNF611","AluYd8",0.00321383124541149,-0.45454140984106,0.00788783970846322,"ZNF611-AluYd8"
"ZNF611","AluYk4",0.0230212061223453,-0.358725810853732,0.0438749664697506,"ZNF611-AluYk4"
"ZNF254","AluYa5",0.00152786819105486,-0.484670048222075,0.00411699586553486,"ZNF254-AluYa5"
"ZNF254","AluYa8",0.014269813285485,-0.384605051461757,0.0289555686309674,"ZNF254-AluYa8"
"ZNF254","AluYb8",0.00492091785595835,-0.435981148565717,0.0114494621841414,"ZNF254-AluYb8"
"ZNF254","AluYb9",0.00224414476502013,-0.469431203852876,0.00576612869412833,"ZNF254-AluYb9"
"ZNF254","AluYd8",0.00180246415235657,-0.478203619412573,0.00475742888948507,"ZNF254-AluYd8"
"ZNF254","AluYk11",0.0263413343388485,-0.351063525767264,0.0493266504726988,"ZNF254-AluYk11"
"ZNF254","AluYk12",0.0027351716455778,-0.461309246743264,0.0068512055492052,"ZNF254-AluYk12"
"ZNF254","AluYk4",0.0325684392962,-0.338629357733028,0.0593089779955037,"ZNF254-AluYk4"
"ZNF492","AluYk11",0.0120563728496596,-0.393274410349822,0.0250167054869314,"ZNF492-AluYk11"
"ZNF736","AluYa5",8.69454680971859e-08,-0.730619665158001,8.78755687333992e-07,"ZNF736-AluYa5"
"ZNF736","AluYa8",1.82952870204501e-10,-0.813147194608668,5.64395211528824e-09,"ZNF736-AluYa8"
"ZNF736","AluYb8",4.31219729017382e-05,-0.599761860241949,0.000180700550587907,"ZNF736-AluYb8"
"ZNF736","AluYb9",0.00156693594008386,-0.483690305771683,0.00420813860495179,"ZNF736-AluYb9"
"ZNF736","AluYd8",6.65301956506118e-05,-0.587830115836593,0.000264356991402934,"ZNF736-AluYd8"
"ZNF736","AluYg6",5.90657420077847e-08,-0.736890546906224,6.34581534895287e-07,"ZNF736-AluYg6"
"ZNF736","AluYh9",0.0104640072309688,-0.400392864119358,0.0221151996671243,"ZNF736-AluYh9"
"ZNF736","AluYk12",1.266526318001e-07,-0.724348304517793,1.20751947061214e-06,"ZNF736-AluYk12"
"ZNF736","AluYk4",2.86775872840488e-09,-0.780503290022293,5.18599912009633e-08,"ZNF736-AluYk4"
"ZNF737","AluYa5",0.000948318387401188,-0.502653626405255,0.00271301583516891,"ZNF737-AluYa5"
"ZNF737","AluYa8",0.000421034170593577,-0.531173085284532,0.00133112639653897,"ZNF737-AluYa8"
"ZNF737","AluYd8",0.000878160084039735,-0.505462373775928,0.00253592082257393,"ZNF737-AluYd8"
"ZNF737","AluYg6",2.07706608922936e-05,-0.618840215283785,9.53722737065306e-05,"ZNF737-AluYg6"
"ZNF737","AluYh9",0.0158504976051151,-0.379087497010507,0.0317230734439127,"ZNF737-AluYh9"
"ZNF737","AluYk12",0.000249304756970096,-0.548327735235536,0.00084018418957769,"ZNF737-AluYk12"
"ZNF737","AluYk4",3.95298451035713e-07,-0.704284065977483,3.15015791958659e-06,"ZNF737-AluYk4"
"ZNF253","AluYa5",0.000109954655356462,-0.573392952491938,0.00041035381650617,"ZNF253-AluYa5"
"ZNF253","AluYa8",1.94320518273948e-06,-0.67315323200823,1.22320293851513e-05,"ZNF253-AluYa8"
"ZNF253","AluYb8",0.00137668765690496,-0.488682890308631,0.00375646689631047,"ZNF253-AluYb8"
"ZNF253","AluYb9",0.0078686029883096,-0.414281417950459,0.0172447064464837,"ZNF253-AluYb9"
"ZNF253","AluYd8",0.000421100431077893,-0.531167793694336,0.00133129423435603,"ZNF253-AluYd8"
"ZNF253","AluYg6",3.9766929104552e-05,-0.601938965128854,0.000168335247082176,"ZNF253-AluYg6"
"ZNF253","AluYh9",0.0118110932964907,-0.39431661791463,0.0245758773560522,"ZNF253-AluYh9"
"ZNF253","AluYk12",0.00461057385253509,-0.438885916451988,0.0108160384396048,"ZNF253-AluYk12"
"ZNF253","AluYk4",1.51601137221991e-05,-0.62669443567667,7.24239305053055e-05,"ZNF253-AluYk4"
"ZNF625","AluYa5",0.00235803016256896,-0.467417642036408,0.00601916135839729,"ZNF625-AluYa5"
"ZNF625","AluYa8",0.0190577899966702,-0.369186911918325,0.0372389432715493,"ZNF625-AluYa8"
"ZNF625","AluYb8",0.00271451162385111,-0.461624114482343,0.00680457121941611,"ZNF625-AluYb8"
"ZNF625","AluYb9",0.00855280600716874,-0.410277476938939,0.0185452507597152,"ZNF625-AluYb9"
"ZNF625","AluYd8",0.0171756026795256,-0.374809300821276,0.0340160656277733,"ZNF625-AluYd8"
"ZNF625","AluYg6",0.00117134540393221,-0.494809581076732,0.00326228577709425,"ZNF625-AluYg6"
"ZNF625","AluYk4",0.00322216181418957,-0.45443165433327,0.00790586342145953,"ZNF625-AluYk4"
"ZNF723","AluYk11",0.0226922665028831,-0.359534128564111,0.0433288508638654,"ZNF723-AluYk11"
"ZNF728","AluYa8",0.0291049906590179,-0.345274708263749,0.0538098799451635,"ZNF728-AluYa8"
"ZNF728","AluYb8",0.0461575633951799,-0.317136697550086,0.0801322725376139,"ZNF728-AluYb8"
"ZNF728","AluYk12",0.0369383881255794,-0.331027870215357,0.0661335795103967,"ZNF728-AluYk12"
"ZNF595","AluYa5",0.00375809140884652,-0.447843520311248,0.00904059735514648,"ZNF595-AluYa5"
"ZNF595","AluYa8",0.0208067702465256,-0.36436574317866,0.0401763745588842,"ZNF595-AluYa8"
"ZNF595","AluYb8",0.0133000405034495,-0.388251888718812,0.0272404460062781,"ZNF595-AluYb8"
"ZNF595","AluYb9",0.0206138691706775,-0.364880455181892,0.0398500891793568,"ZNF595-AluYb9"
"ZNF595","AluYd8",0.00323351267066413,-0.454282505050813,0.00793030249826963,"ZNF595-AluYd8"
"ZNF595","AluYk11",0.0203226919532685,-0.365665080604766,0.0393564574897298,"ZNF595-AluYk11"
"ZNF595","AluYk12",0.000514135792032347,-0.524384626365444,0.00158605898378468,"ZNF595-AluYk12"
"ZNF595","AluYk4",0.0326481422700686,-0.33848341968515,0.0594359141840589,"ZNF595-AluYk4"
